{
  "state": {
    "testRunDurationMs": 840001.3904,
    "isStdOutTTY": true,
    "isStdErrTTY": true
  },
  "metrics": {
    "iterations": {
      "type": "counter",
      "contains": "default",
      "values": {
        "rate": 6330.218093410432,
        "count": 5317392
      }
    },
    "vus": {
      "type": "gauge",
      "contains": "default",
      "values": {
        "value": 1,
        "min": 1,
        "max": 200
      }
    },
    "checks": {
      "type": "rate",
      "contains": "default",
      "values": {
        "fails": 1684355,
        "rate": 0.8416183158962138,
        "passes": 8950429
      }
    },
    "iteration_duration": {
      "type": "trend",
      "contains": "time",
      "values": {
        "avg": 26.938084794153408,
        "min": 0,
        "med": 19.0353,
        "max": 1951.7394,
        "p(90)": 53.05109000000004,
        "p(95)": 76.54284500000001
      }
    },
    "http_req_duration{expected_response:true}": {
      "type": "trend",
      "contains": "time",
      "values": {
        "avg": 19.77035973163965,
        "min": 0,
        "med": 14.5251,
        "max": 1949.7383,
        "p(90)": 36.9686,
        "p(95)": 50.142759999999775
      }
    },
    "register_duration": {
      "type": "trend",
      "contains": "default",
      "values": {
        "avg": 19.770290455417236,
        "min": 0,
        "med": 14.5251,
        "max": 1949.7383,
        "p(90)": 36.96849000000004,
        "p(95)": 50.142645000000016
      }
    },
    "http_req_waiting": {
      "type": "trend",
      "contains": "time",
      "values": {
        "avg": 18.751711381257987,
        "min": 0,
        "med": 14.0459,
        "max": 1935.7479,
        "p(90)": 35.7532,
        "p(95)": 47.6519
      }
    },
    "vus_max": {
      "contains": "default",
      "values": {
        "value": 200,
        "min": 200,
        "max": 200
      },
      "type": "gauge"
    },
    "http_req_receiving": {
      "contains": "time",
      "values": {
        "avg": 0.6848286533511113,
        "min": 0,
        "med": 0,
        "max": 677.8651,
        "p(90)": 0,
        "p(95)": 1.0001
      },
      "type": "trend"
    },
    "data_sent": {
      "type": "counter",
      "contains": "data",
      "values": {
        "count": 1070914154,
        "rate": 1274895.6921250354
      }
    },
    "http_req_duration": {
      "type": "trend",
      "contains": "time",
      "values": {
        "med": 14.5251,
        "max": 1949.7383,
        "p(90)": 36.96849000000004,
        "p(95)": 50.142645000000016,
        "avg": 19.770290455417236,
        "min": 0
      }
    },
    "http_reqs": {
      "values": {
        "count": 5317392,
        "rate": 6330.218093410432
      },
      "type": "counter",
      "contains": "default"
    },
    "status_count": {
      "type": "counter",
      "contains": "default",
      "values": {
        "count": 5317392,
        "rate": 6330.218093410432
      }
    },
    "data_received": {
      "values": {
        "count": 638559775,
        "rate": 760188.9500396237
      },
      "type": "counter",
      "contains": "data"
    },
    "http_req_failed": {
      "thresholds": {
        "rate<0.01": {
          "ok": true
        }
      },
      "type": "rate",
      "contains": "default",
      "values": {
        "rate": 0.000006394112000770303,
        "passes": 34,
        "fails": 5317358
      }
    },
    "http_req_blocked": {
      "type": "trend",
      "contains": "time",
      "values": {
        "avg": 0.1614605860918296,
        "min": 0,
        "med": 0,
        "max": 678.5071,
        "p(90)": 0,
        "p(95)": 0
      }
    },
    "http_req_tls_handshaking": {
      "values": {
        "p(90)": 0,
        "p(95)": 0,
        "avg": 0,
        "min": 0,
        "med": 0,
        "max": 0
      },
      "type": "trend",
      "contains": "time"
    },
    "http_req_duration{status:200}": {
      "type": "trend",
      "contains": "time",
      "values": {
        "med": 14.5251,
        "max": 1949.7383,
        "p(90)": 36.9686,
        "p(95)": 50.142759999999775,
        "avg": 19.77035973163965,
        "min": 0
      },
      "thresholds": {
        "p(95)<300": {
          "ok": true
        },
        "p(99)<800": {
          "ok": true
        }
      }
    },
    "http_req_sending": {
      "type": "trend",
      "contains": "time",
      "values": {
        "p(90)": 0,
        "p(95)": 0,
        "avg": 0.3337504208077956,
        "min": 0,
        "med": 0,
        "max": 748.0552
      }
    },
    "http_req_connecting": {
      "type": "trend",
      "contains": "time",
      "values": {
        "min": 0,
        "med": 0,
        "max": 484.5797,
        "p(90)": 0,
        "p(95)": 0,
        "avg": 0.09164498773082753
      }
    },
    "register_failed": {
      "contains": "default",
      "values": {
        "rate": 0.3167569740955717,
        "passes": 1684321,
        "fails": 3633071
      },
      "thresholds": {
        "rate<0.01": {
          "ok": false
        }
      },
      "type": "rate"
    }
  },
  "root_group": {
    "name": "",
    "path": "",
    "id": "d41d8cd98f00b204e9800998ecf8427e",
    "groups": [],
    "checks": [
        {
          "id": "fad9fa412b86fcb03bee97c80dcd61f1",
          "passes": 5317358,
          "fails": 34,
          "name": "status 200",
          "path": "::status 200"
        },
        {
          "name": "body VALID",
          "path": "::body VALID",
          "id": "a56c51bc8c4423d91b67072ea17e49f8",
          "passes": 3633071,
          "fails": 1684321
        }
      ]
  },
  "options": {
    "summaryTrendStats": [
      "avg",
      "min",
      "med",
      "max",
      "p(90)",
      "p(95)"
    ],
    "summaryTimeUnit": "",
    "noColor": false
  }
}